[
	{"id":1,"name":"chengshuping1","is":true},
	{"id":2,"name":"chengshuping2","is":false},
	{"id":3,"name":"chengshuping3","is":true},
	{"id":4,"name":"chengshuping4","is":false},
	{"id":5,"name":"chengshuping","is":false},
	{"id":6,"name":"chengshuping","is":true},
	{"id":7,"name":"chengshuping","is":false},
	{"id":8,"name":"chengshuping","is":true},
	{"id":9,"name":"chengshuping","is":true},
	{"id":10,"name":"chengshuping","is":false},
	{"id":5,"name":"chengshuping","is":false},
	{"id":6,"name":"chengshuping","is":true},
	{"id":7,"name":"chengshuping","is":false},
	{"id":8,"name":"chengshuping","is":true},
	{"id":9,"name":"chengshuping","is":true},
	{"id":10,"name":"chengshuping","is":false},
	{"id":9,"name":"chengshuping","is":true},
	{"id":10,"name":"chengshuping","is":false}
]

